id,x_1,x_2,target
0,2.764052345967664,1.5559626797097978,0
1,1.4001572083672233,1.8924738873315303,1
2,1.9787379841057393,0.5776851758747292,1
3,3.240893199201458,1.1047140294332842,0
4,2.8675579901499675,1.2280533251240673,0
5,0.022722120123588985,1.2014799467044328,1
6,1.9500884175255893,1.54077358530039,1
7,0.8486427917023021,-0.8180776303835695,0
8,0.8967811482064422,0.9506759298524274,1
9,1.4105985019383724,1.2390336012467649,1
10,1.144043571160878,-0.00033034895370542827,1
11,2.4542735069629753,2.67398570701071,0
12,1.7610377251469935,1.161559267238168,1
13,1.1216750164928284,2.5634047450289295,0
14,1.4438632327454257,0.2094769781669228,1
15,1.3336743273742668,0.09269987847467298,1
16,2.4940790731576064,1.2242522209656819,0
17,0.7948417362341991,-0.6786883628286566,0
18,1.3130677016509014,1.2149655906260934,1
19,0.14590426069827522,1.097219232002918,1
20,-1.5529898158340787,2.015665281542101,0
21,1.6536185954403606,1.701041341165097,1
22,1.8644361988595057,0.5825226501149661,1
23,0.25783497959355806,-0.09749665477024472,0
24,3.2697546239876076,2.7123052213432963,0
25,-0.45436567459876476,0.20788497943484996,0
26,1.045758517301446,-0.04552455706946579,1
27,0.8128161499741664,-0.08485605946144514,1
28,2.5327792143584578,2.1173053155366643,0
29,2.469358769900285,0.4810997955751479,0
30,1.1549474256969163,0.24629553381939917,1
31,1.3781625196021736,1.1376898259033474,1
32,0.11221425236988725,0.793055289442709,1
33,-0.980796468223927,0.32190453921375306,0
34,0.6520878506738474,1.7539914669784795,1
35,1.15634896910398,2.065315492097995,1
36,2.2302906807277205,1.985317508939867,0
37,2.2023798487844113,1.766919669661199,0
38,0.6126731825920477,1.402625531130035,1
39,0.6976972494246645,-0.7758879999618289,0
40,-0.04855296506709261,2.6692508063769687,0
41,-0.4200179371789752,1.301989210357553,0
42,-0.7062701906250126,1.6081564276006415,0
43,2.9507753952317897,2.1149623229474024,0
44,0.4903478182483465,2.433352502881992,0
45,0.5619256983888137,1.4183980113091925,1
46,-0.2527953600499262,1.4355461592956535,0
47,1.77749035583191,0.4007757225402806,1
48,-0.6138978475579515,1.0330897511387602,0
49,0.7872597197860313,0.1458387391856455,1
50,0.10453343880632437,0.2800594678581053,1
51,1.386902497859262,0.10642559768580873,1
52,0.489194862431127,0.8439761090027127,1
53,-0.1806321841224121,2.0490931879200103,0
54,0.9718177716613451,4.17097477329018,0
55,1.4283318705304175,1.1894996375479134,1
56,1.0665172223831678,-0.34841308775612,0
57,1.3024718977397813,2.264983329856256,0
58,0.3656779063190364,0.6992161235239729,1
59,0.6372588340128619,0.339391406023008,1
60,0.32753955222404896,1.2098494779230553,1
61,0.6404468384594587,-0.2406245995562275,0
62,0.18685371795554595,1.2224631640086068,1
63,-0.7262826023316769,0.911624476800845,0
64,1.1774261422537529,1.0983779068154758,1
65,0.5982190637917382,1.3814162542091708,1
66,-0.6301983469660446,1.0674922572408068,0
67,1.4627822555257741,1.0163380841128924,1
68,0.09270163561675782,1.2843145189979446,1
69,1.0519453957961389,1.415400626171127,1
70,1.7290905621775368,-0.0314824603152577,0
71,1.1289829107574108,-0.4299912586854484,0
72,2.1394006845433005,0.9383619478277853,1
73,-0.23482582035365263,-0.43273548993410804,0
74,1.4023416411775491,1.0875314709216708,1
75,0.3151899090596868,1.93874687568231,1
76,0.12920285081811822,1.6071116719160459,1
77,0.42115033523558454,-0.04817040682547313,1
78,0.6884474678726273,0.13973754804248117,1
79,1.0561653422297455,1.3283012950007553,1
80,-0.16514984078335648,0.5987021948664899,0
81,1.900826486954187,0.6833447049478931,1
82,1.4656624397304598,1.5969064812479539,1
83,-0.5362436862772237,0.012713306542347591,0
84,2.4882521937955997,0.5987652900888176,0
85,2.8958891760305834,0.19991752391539874,0
86,2.1787795711596507,-0.043129498035355596,0
87,0.8200751641876491,0.1429218113288353,1
88,-0.07075262151054251,1.6774621693464118,0
89,2.054451726931137,1.0518203894824216,1
90,0.5968230530268204,0.12083937116492516,1
91,2.2224450703824274,0.7688983924070034,0
92,1.2082749780768602,-0.6388073071221778,0
93,1.9766390364837128,0.2666871924163343,1
94,1.3563663971744018,3.149574534867287,0
95,1.706573168191948,0.9097561503342494,1
96,1.0105000207208206,1.7316589270303924,1
97,2.7858704939058354,0.934511624855517,0
98,1.1269120927036198,1.3481692352418087,1
99,1.4019893634447016,1.663258089679174,1
100,2.883150697056254,-0.10461659752647079,0
101,-0.34775906114244637,0.969063742726041,0
102,-0.2704849984857336,2.578865194416488,0
103,1.969396708158011,0.204499449946709,0
104,-0.1731234051141599,0.4335601462677807,0
105,2.9436211856492926,0.6923087226329983,0
106,0.5863810192402527,1.2690240731762468,1
107,0.25254518855924224,1.5249178636458827,1
108,2.922942026480385,2.2674116548186567,0
109,2.480514791434424,1.4994982334686595,0
110,2.86755896042657,0.937946874201666,0
111,1.9060446582753854,2.259167129610814,0
112,0.13877431494529746,1.704111022141582,1
113,2.9100649530990337,-0.49567951625701623,0
114,0.7319966290486196,3.5263682403559984,0
115,1.802456395796395,2.7699213881967335,0
116,1.9472519677737479,0.8317857772329259,1
117,0.8449899069091658,1.377910101738475,1
118,1.6140793703460803,2.324358749995839,0
119,1.922206671566527,0.8277992073031174,1
120,1.3764255311556295,1.7303517903770194,1
121,-0.09940079058419449,2.1045784735714763,0
122,1.298238174206056,-0.014825907734441035,1
123,2.3263858966870306,0.3976681464171379,0
124,0.3054321402686345,1.9214083978105814,1
125,0.8503654596723292,1.4608144771488305,1
126,0.5648464482783626,1.9237965603139469,1
127,2.849263728479342,0.867431985346282,0
128,1.6722947570124354,0.7109947890457671,1
129,1.4074618362411104,-0.9986394755833727,0
130,0.2300839255546836,-0.14600042650744327,0
131,1.5392491912918174,1.0470660946584938,1
132,0.32566733934262393,1.8245572195642366,1
133,1.0318305582743512,1.5311783665356953,1
134,0.36415392162111904,0.871758025972298,1
135,1.6764332949464997,0.7282284335093033,1
136,1.576590816614941,1.2171796326382802,1
137,0.7917012444220051,1.0782111810921522,1
138,1.3960067126616453,2.404545514939712,0
139,-0.09306150873050578,1.1464407704782498,1
140,-0.49125759270560554,-0.4812459621972984,0
141,1.439391701264537,-0.27255813503231696,0
142,1.166673495372529,2.51875933696358,0
143,1.6350314368921064,-0.17116046145008035,0
144,3.383144774863942,1.7644974530335336,0
145,1.9444794869904138,0.7316272647906188,1
146,0.08717777455584141,0.8302417060975145,1
147,2.117016288095853,0.8658672172315799,1
148,-0.31590741051152116,2.2213849594591983,0
149,0.538415395185291,0.8071581714560353,1
150,0.9317583946753688,0.966680717154847,1
151,2.713342721649367,-0.5308034973994926,0
152,0.2552451779515601,1.2066905117080033,1
153,0.1735614613409856,1.5310425069780598,1
154,0.9015474755745677,1.239145580653787,1
155,0.3365217136378926,2.3978962610867356,0
156,2.126635922106507,1.0551713547802317,1
157,-0.07993150836342333,1.2989774561190175,1
158,-0.1474686524111024,2.648504010268179,0
159,0.562179955255566,-0.5500141893581478,0
160,0.5019675493076952,0.5441746522006312,1
161,2.9295320538169856,2.4261587520192665,0
162,1.9494208069257608,1.9361291483110823,0
163,1.0875512413851909,1.6783800988404702,1
164,-0.225435518830168,1.8326507394644782,0
165,1.844362976401547,1.3270662091210221,1
166,-0.0002153473895647462,2.6315974275322715,0
167,-0.5447710967776116,1.3777591697307179,0
168,2.1880297923523018,1.2398671058952786,1
169,1.3169426119248495,1.1589586741256432,1
170,1.920858823780819,1.192863955550386,1
171,1.3187276529430212,-0.15701728081586785,1
172,1.8568306119026912,1.7706730544633433,1
173,0.34897440669985313,0.8695602662166727,1
174,-0.034242841784464684,2.8219150978604057,0
175,1.681594518281627,0.9243495294115771,1
176,0.19659033582615892,1.4209182841756567,1
177,0.31045022224979946,1.2466021862613343,1
178,0.5444674964826568,0.3744429648907467,1
179,1.0174791590250567,1.9921368285185057,1
180,0.646006088746516,2.9050636405600176,0
181,-0.3749512934180188,0.9852227803401552,0
182,0.3563815971671095,0.6995212144145777,1
183,-1.2234031522244266,0.6449712689446259,0
184,1.6252314510271875,-0.8923618933173414,0
185,-0.6020576556067476,0.8221868562969874,0
186,-0.10438333942845057,1.250998116008324,1
187,1.0521650792609745,2.054757925180283,1
188,0.2604370036086867,1.960047741149928,1
189,2.543014595406736,0.5835009175633075,0
190,-0.2928569097234486,0.7231770052261117,0
191,1.2670508693491829,2.1239053056144392,1
192,0.9607171817725044,0.8265361029271209,1
193,-0.16809349774119742,0.48997046024438307,0
194,1.5232766605317538,2.3925184494342724,0
195,0.828453668777752,2.0375856670506343,1
196,1.7717905512136674,1.0187917917742577,1
197,1.8235041539637313,0.4062225522213325,1
198,3.16323594928069,-1.011880319244709,0
199,2.336527949436392,1.5897036055747238,0
200,0.6308181620575564,0.10363027744781983,1
201,0.7606208224240736,-0.9627320091407521,0
202,2.099659595887113,2.584820527349018,0
203,1.6552637307225977,1.6479677910098882,1
204,1.640131526097592,-0.13900819311696533,0
205,-0.6169560443108344,-0.21440138295925903,0
206,0.9756738756010643,1.8709617821716196,1
207,0.2619690907943113,0.12202938346412984,1
208,1.2799245990432382,2.296149867527883,0
209,0.901849610357042,1.6164593126261553,1
210,1.910178908092592,1.5365965205668235,1
211,1.317218215191302,1.4046954556143003,1
212,1.786327962108976,1.1914508720239119,1
213,0.5335809032640569,1.8805111991771106,1
214,0.05555374408174962,0.5459196374843949,1
215,0.5899503067974515,1.0859519734343848,1
216,0.9829795861385594,1.7519465876771956,1
217,1.3791517355550817,1.562989718586128,1
218,3.259308950690852,-0.1949868052686603,0
219,0.9577428483393573,0.49959033269573605,1
220,0.044054999507223025,1.2528035054191546,1
221,0.6540182243006136,0.5919852909601031,1
222,0.5364040253539057,2.774658560973333,0
223,1.4814814737734623,0.6068468052458871,1
224,-0.5407970144446248,0.8377815524233092,0
225,1.0632619942003316,1.7694301781773039,1
226,1.1565065379653756,1.3305327432349157,1
227,1.2321810362002759,0.8547255427952307,1
228,0.4026839310346373,0.24350647111925172,1
229,0.762078270263993,1.301514057396766,1
230,-0.42406090898253157,2.0390964403783927,0
231,0.5066801166378059,1.4790952240982285,1
232,0.45713852398328225,0.22181647854387776,1
233,1.4160500462614256,2.736774956976711,0
234,-0.15618243182191272,-0.4465778900358943,0
235,1.7811981017099934,-0.582685641802789,0
236,2.494484544491369,1.9605572244572285,0
237,-1.0699850250135325,1.2258404786026902,0
238,1.426258730778101,0.45050145369595973,1
239,1.6769080350302454,-0.09857072755532958,0
240,0.36256297444777097,3.320799839280298,0
241,0.6027281856712023,1.117090872155442,1
242,0.8671194224130444,1.5342011708457715,1
243,0.7022091205982717,1.3178850972381815,1
244,0.6909870309528778,1.4348079577311579,1
245,-0.6760038063299767,1.540094460524806,0
246,2.15233156478312,1.7324240097548762,0
247,2.0796185920368213,0.6247775992393273,1
248,0.18663574079579714,0.7083580136481554,1
249,-0.46642432780251397,-0.7410228083589014,0
250,1.5210648764527586,0.21969559349846057,1
251,0.4242120301869339,1.2711127964467148,1
252,1.1419531633207796,2.0450233755026908,1
253,0.6806715828549048,1.599039526376184,1
254,1.6915387510701865,0.6593076561220695,1
255,1.694749143656006,-0.26317291208515425,0
256,0.2744026215364157,-1.7773591454274333,0
257,-0.3833639553950554,2.1517339747807993,0
258,-0.5829383973350819,0.41077101348985023,0
259,1.6103793791072052,0.5515349937959407,1
260,-0.1888592577840289,1.1315739679080687,1
261,0.49318364570131246,-0.4055600473918899,0
262,0.4036859615494919,0.6502178198884632,1
263,0.9474327037304537,3.023471949769974,0
264,-0.9362798058465069,1.5053869385773426,0
265,1.1887785967938285,1.3592491565134563,1
266,1.5238910238342056,-0.5824944779817585,0
267,1.0884220870446615,3.2436018945826404,0
268,0.6891138283015283,-0.4227949086263427,0
269,1.0974001662687833,2.9223247554443983,0
270,1.39904634564013,-1.1150560151878075,0
271,-1.7725927564266502,2.40536543872442,0
272,2.955912308250694,2.6180542690002255,0
273,1.3900933226879264,0.17559087867216538,1
274,0.34759141761297996,1.4225803722728827,1
275,0.6090466248123989,1.5474805721046652,1
276,1.4937417773491886,0.18620551676869412,1
277,0.8838960609656334,-0.44911761073693035,0
278,-1.0306844677814944,-0.3177173431407654,0
279,3.0644928613593194,1.5410082199598076,0
280,0.8894593427675274,0.9148843974805942,1
281,2.0201727117157997,0.4356989666978396,1
282,0.30795015221560884,1.9667680111664603,1
283,2.536377054245798,1.5080679093914777,0
284,1.2863436888922797,0.24453727363436661,1
285,1.6088438344754508,-0.20120151901738925,0
286,-0.04525336614695474,1.523261738688077,1
287,2.211145289682701,0.4624166314419381,0
288,1.6898181645347883,1.0992048625315025,1
289,2.3018462295649984,2.5762989726277175,0
290,0.3719124403584211,1.5023282400747795,1
291,0.5189728815392123,0.13773300024676327,1
292,3.303916697683942,1.1606611898197727,0
293,-0.06001582272154726,0.04735504718461225,0
294,0.8640502993216792,2.608522155948724,0
295,2.1368913626026953,0.43842125039677915,0
296,1.0977249677148555,1.2072707469736186,1
297,1.5829536797532935,1.307732574679432,1
298,0.6005509707371248,1.1592504683737024,1
299,1.3700558878475189,-0.9585489551365387,0
300,-0.3065268517353166,-0.4464210639833286,0
301,2.6581306796181883,0.5476497244309083,0
302,0.8818359548714303,1.3194318333315307,1
303,0.31982179600314964,0.8622207857142293,1
304,1.6663830820319143,0.04285252684898322,1
305,0.5392802126114467,-0.3484243191217009,0
306,-0.33425847140275344,0.5984424555006564,0
307,-0.34671750579755534,0.5315239553202769,0
308,1.6937731526901325,1.5128364575927566,1
309,0.8404265618537331,0.6736815378416818,1
310,0.8662984403315608,1.6027076564293297,1
311,2.0777438059762625,0.4053502302795946,0
312,-0.12682580875674354,0.7440423307857317,1
313,0.26932224713517516,0.6519536203573806,1
314,0.6151201908187245,0.21763303309791027,1
315,1.094351589317074,1.62511865643373,1
316,0.957828548709421,0.18640400290549297,1
317,0.7131128076100923,0.478358490029381,1
318,0.9383735979043526,0.9268803540518028,1
319,0.8926947237088253,-0.2973796559567399,0
320,0.2803956114482071,0.6750650416795009,1
321,0.1870070114459227,0.28869364025721145,1
322,1.2745163577239396,0.6118458075177504,1
323,0.10908491700447209,0.9400719973289093,1
324,-0.15735525919085358,0.20008637685933528,0
325,0.6877077488743066,0.7799242201796444,1
326,0.8423329838361842,2.308668752352179,0
327,3.2567234972982093,0.9742014417455129,0
328,0.29529972414376626,2.1452621730192245,0
329,1.9432607249694946,1.3464944420067608,1
330,1.747188334204632,1.7741606098188165,1
331,-0.1889449552037361,0.22554103122917413,0
332,1.7732529774025996,1.1049071650855127,1
333,-0.18388064019331773,1.1339129226154758,1
334,-1.6591722379967409,0.38737426112506435,0
335,1.6063195243593809,0.17717167570571823,1
336,-0.7558905834377194,-0.49026538790729823,0
337,1.4509344618059148,2.496139636951632,0
338,0.31598910226278343,0.027597110647502365,1
339,2.659550796189872,2.3462210732223,0
340,2.0685093993160093,0.5325068263421465,1
341,0.5466141961486124,0.13750670027526612,1
342,0.31216238897131765,1.6225191403049977,1
343,-0.2140774030941206,0.3688080582531429,0
344,0.5590773677074086,1.5684589189242768,1
345,0.7196445048154909,0.6671882351477905,1
346,0.6353064556083146,1.4804244961177868,1
347,1.1567038552723639,0.03181393609289507,1
348,1.5785214977288784,1.8313510579847683,1
349,1.349654456993174,1.4879726826630046,1
350,0.23585607609355697,0.08034930993733824,1
351,-0.43779147380157846,3.6429357210147417,0
352,2.3645318481024713,1.5401230264004941,0
353,0.31055081545006236,3.2904670705305388,0
354,0.3477064000649809,2.600267818748759,0
355,0.4788106876988891,0.8111652197822162,1
356,-0.8430695501566485,0.5877282453954571,0
357,0.5220259959595133,0.5965408165791988,1
358,0.5203441859920523,-0.8300285504278102,0
359,1.6203582983435125,0.30416488065045266,1
360,1.6984571491073361,1.2467660239799705,1
361,1.0037708890862693,2.5259575608848084,0
362,1.9318483741143035,0.2272281170217979,1
363,1.339964983801262,1.8820565993630107,1
364,0.9843178883974453,-0.252593341503319,0
365,1.160928168298223,0.41367997478886764,1
366,0.8093465064186006,0.542359405710474,1
367,0.6051504859665497,1.3718110814974935,1
368,0.7322664631060336,1.4573096467208113,1
369,-0.12801133147000687,1.9623417448143452,0
370,1.280441705316296,1.7708369604049365,1
371,0.00687638907041932,1.2431682154024917,1
372,1.8416312640736363,1.3903649435086223,1
373,0.7505414198390512,2.5885306910975325,0
374,1.0494949816500907,0.4890738187677369,1
375,1.4938367762809563,1.774728319067162,1
376,1.6433144650629279,-0.8081439264982515,0
377,-0.5706234086334527,1.4113342428976086,0
378,0.7930963238360282,0.5167504575208925,1
379,1.8801789120807824,1.00257118243151,1
380,-0.6981058194322545,2.040086245053703,0
381,1.3872804753950634,1.1646438095263976,1
382,-1.2555642294021894,1.8851875412089272,0
383,-0.022506843635603513,2.473764815138405,0
384,1.0386305518401882,1.3890939688657205,1
385,-0.6567151023219537,2.1710410646204883,0
386,0.01448926231584935,0.6734390223207922,1
387,-0.47183500746358686,0.991790117730386,0
388,2.64813493220756,0.477380583601522,0
389,1.164227755487334,2.042977594646376,1
390,1.5672902778526694,1.414091353793595,1
391,0.7773248994848455,0.4927655381050774,1
392,0.6465682512428009,1.1546688336463322,1
393,-0.6164741886510325,2.0415683888185816,0
394,0.7081626372521372,0.9607320089620468,1
395,0.2385077881883767,0.05106718915023656,1
396,1.8579239242923364,1.1319117557874123,1
397,2.141101866657573,-0.9805655910689397,0
398,2.466578715574178,1.768770644399475,0
399,1.852551939461232,0.5786724126753195,1
400,0.4013460630770139,0.5306892637208933,1
401,-0.11589698596039444,1.8756956787795067,0
402,1.766663181645086,-0.3651628772251687,0
403,1.3562928174722888,2.947098642820358,0
404,-0.7685384506770307,0.5197579582617766,0
405,1.355481792743769,0.4767490566151049,1
406,1.8145198224878665,2.021224743167163,0
407,1.05892558918163,1.7086952731104266,1
408,0.8149463289906584,3.451229719075076,0
409,0.19235151238364434,0.78879401636848,1
410,-0.44653469956338787,0.8795933613355903,0
411,1.8002979493400275,-0.4793159799632536,0
412,0.6908855552282912,0.6678977226511749,1
413,0.7665333384563073,0.2785687044282442,1
414,2.7327211869191332,0.5512329868945008,0
415,1.6845011068591904,-0.7441877565539552,0
416,1.370825001281102,2.660607559894514,0
417,1.1420618051872355,-0.4166034824256406,0
418,2.519994860765773,-1.802202798391713,0
419,2.7195893074161948,-0.1884244215830193,0
420,1.929505111479528,0.396160447203849,1
421,1.5822245913979243,-0.14955406325711817,0
422,-1.0946030712061448,2.0983035407325126,0
423,1.1237219142335066,0.8621608214039062,1
424,0.869893045806296,1.025385604406459,1
425,1.0939532293855687,1.6103917643054126,1
426,1.943046087322518,1.286012526978118,1
427,-1.7396771671895563,1.9785672974460429,0
428,0.4306879465298149,-0.1094775536361452,0
429,1.2699043549407614,0.45248189932056826,1
430,0.5331544539472375,1.6659671460695378,1
431,-0.41690611312625947,-1.53455446208423,0
432,1.8689634868967953,-0.37518447931724075,0
433,1.276871905846128,1.5009922321799465,1
434,0.028895429555515384,0.5197509650050746,1
435,1.3148172045158237,1.9361075501096976,1
436,1.8215857120497958,1.8091802968531627,1
437,1.0052926462993608,-0.1980928801910382,1
438,1.800564803430997,1.4066570874668811,1
439,1.0782601751616614,2.2016978556675064,1
440,0.6047710173456456,1.1474344016509719,1
441,-0.15942051639991295,0.022535122754130832,0
442,0.9140692330283873,1.8793899419133702,1
443,1.1942929380457716,1.6354245265539955,1
444,1.875832761587331,1.5426107834987963,1
445,0.8848925315127733,1.7159388934369917,1
446,1.4574156062209909,-1.994612860227619,0
447,0.0353879862662716,1.8809375610809715,0
448,0.21737084417247488,2.8081318105789754,0
449,0.8896107009731122,1.436638474629293,1
450,-0.054628463985013864,1.1927289964997267,1
451,1.8202478373246813,1.6964386733914392,1
452,1.463130329318607,1.3382254736851154,1
453,1.2790957643924534,1.651781261700616,1
454,1.3389041252159446,1.0014710002454108,1
455,3.0210435614847975,0.2332951454630997,0
456,0.5311358120332044,-0.0043227122146134445,1
457,-1.2014412855005578,0.0018082717681359162,0
458,1.1993001968964652,-0.3730425509508952,0
459,0.9493964590383341,-0.06774201101910649,1
460,0.48248095748959674,2.761266127419863,0
461,0.02117014064123013,1.7540956636562428,0
462,0.560810478197852,0.3749726093153287,1
463,1.1813384292178213,0.609607306014492,1
464,0.49718329935746175,1.1125575309064544,1
465,3.4124536795437486,0.3444549705156419,0
466,0.039495618366852,1.0675168571743248,1
467,0.20688263729232836,1.777604137902912,1
468,-1.2886200400145285,0.9642572664518265,0
469,1.251484415021537,1.336015742661992,1
470,-1.01640662779976,1.886491539359616,0
471,0.4605453666254986,0.7278682439817918,1
472,0.724329465439443,1.284790599134363,1
473,0.29027203415311176,0.6906224071166387,1
474,2.738872677454511,0.9714711301655836,0
475,1.994394391315499,0.67526973491704,1
476,2.3191368763015756,0.47113014644388473,0
477,0.11758118145008145,1.1737118529870234,1
478,2.1285940645145685,1.5665453158182125,0
479,1.4960009463439623,1.1463044460010443,1
480,1.7714059486768456,1.498726958311932,1
481,2.029438828782767,0.26206821975877015,0
482,0.09123675404094689,-0.20373519219977942,0
483,0.5756823790220985,1.4170435029676036,1
484,1.862596011328451,1.6878813911747546,1
485,-1.6556190929749328,1.0498572665998227,0
486,2.513328082573205,2.348035780424719,0
487,1.5531320642075839,1.9076987979878988,1
488,0.9542960393397651,3.6805708407690005,0
489,1.2205076557571732,0.7991914860043344,1
490,-0.029935283308976546,0.001151203904631859,0
491,0.6500566354108952,0.25986320926048645,1
492,2.1002843382203737,0.4345021936253437,0
493,2.298021972326221,1.4760313834381145,0
494,3.6962240525635797,-1.158068563961257,0
495,0.9260753337195848,2.3185510180908366,0
496,0.34144703319499625,0.7607034088576559,1
497,0.4857660340600112,0.7532064422112482,1
498,-0.018041875287364784,-0.07934316602499525,0
499,0.9221452440591492,0.8857744485498198,1
500,1.382732430012268,1.0132397676675335,1
501,0.9657577194680461,0.8780550723997227,1
502,2.0963468456657983,1.3390592559424304,1
503,0.7657841986554634,0.4103679580489702,1
504,0.6525493475014368,0.10418423958917289,1
505,0.41873152313967477,1.54832813049798,1
506,-0.6326345262344952,1.0986674538157957,0
507,-0.567767724308454,1.1971810551973674,0
508,-0.1791579306376878,2.0590272544419665,0
509,2.301428071664761,-0.022564391260685657,0
510,1.89526027288993,0.14475954274913583,0
511,2.37496406639299,2.2572196508289943,0
512,-0.33221165459450175,-0.48288335757404255,0
513,-0.9686246897860202,-0.3094121463310142,0
514,0.3399436798659171,1.8178618311849957,1
515,1.175818953296028,1.2382001920220387,1
516,1.4986902749098274,1.105232137059276,1
517,2.047972155968053,0.9083405918996168,1
518,1.2842796708072146,1.0312675470275694,1
519,2.742668780655631,0.9078878853080441,0
520,0.7773943190516795,2.3554427025944182,0
521,0.08692078195820363,0.6018518712499249,1
522,-0.6812182154944335,0.8386264637222208,0
523,0.11102864190455008,2.7944488052250733,0
524,1.242117960985123,1.0275097020298358,1
525,0.1112797426463692,3.2320163895251777,0
526,1.936742463535257,0.8950202989810464,1
527,2.412327706037443,2.3674149824601587,0
528,-1.369586905226603,-0.6553440383096778,0
529,1.864052300497648,1.1536444608156664,1
530,-1.2396040586617367,-0.5844735631509355,0
531,1.4014990550902875,1.8444543066045864,1
532,2.22487056419366,-0.21286781620902473,0
533,1.0648561063435762,1.2837695543833454,1
534,-0.27968917320423947,0.7178041233095649,0
535,0.4145687957222274,-0.15820318518402887,0
536,0.7383545542890992,-0.6193599828975425,0
537,0.8177552162100571,0.4889595364198902,1
538,0.797103159233333,2.7406294458953306,0
539,0.8901172206906862,0.7065149451106225,1
540,1.213480048910169,1.917221542115856,1
541,-0.20857365373322123,0.9429571323378119,1
542,0.7579801701297805,1.8767267736904523,1
543,2.5182611703557054,-0.8269113783045177,0
544,0.6153545768574822,0.5968116931504667,1
545,0.5561639068448022,1.9494055237932186,1
546,2.078197303714238,0.8367450511668213,1
547,-1.5591846663440965,0.9135447172889528,0
548,2.181378601288286,0.569538088114207,0
549,0.3680962419948327,2.149379383367124,0
550,1.1639285724525865,1.2975143539549459,1
551,1.0963213559211968,1.044022276175348,1
552,1.9424681192203939,1.6430545453392926,1
553,0.7324052537646524,1.5882249291179367,1
554,0.32197421843554963,1.2125870464375366,1
555,2.297845790651099,2.5470314969908445,0
556,-1.3641738171411801,0.9397124663608809,0
557,1.0203341817052431,1.278081047967944,1
558,-0.3479254226291204,0.3570474466471095,0
559,0.23842661174344104,1.1501152270061292,1
560,3.011256681463137,2.5877615237453675,0
561,0.955404573544143,0.3567423982112612,1
562,1.1950696971513812,-0.13359282563845887,1
563,-0.7815628557055914,1.9967596428198156,0
564,0.2709553412053043,0.8512338477663207,1
565,1.196557400728785,1.09600420496977,1
566,1.3547576931132181,0.9548866963066652,1
567,1.6168865543932789,1.079121723929535,1
568,1.0086278989175763,1.8505306835234383,1
569,1.5270042084546596,0.16087580940072632,1
570,1.4537819126356841,-0.011774084105488525,1
571,-0.8297404110045314,1.0849681370377078,0
572,1.0370057219101496,-0.6064396894498327,0
573,1.7679024077327037,-0.3730535360419285,0
574,1.5898798207345195,2.866683148331627,0
575,0.6361411900292101,1.7574683300614038,1
576,0.19437349246063218,0.9899435281309854,1
577,-0.11831192432163218,2.23800693595844,0
578,0.8689459884585877,-0.04059923008514499,1
579,2.133079879559722,0.6843968766141417,1
580,-0.9518041014816021,1.6234536094243825,0
581,0.34010827027050206,1.8906716814313946,1
582,-0.13980245542677405,1.5129168468277765,0
583,1.7849575212405,-1.5412388076882246,0
584,0.4456903734286991,0.03191788233542203,1
585,0.5293623418452086,1.4770680923568653,1
586,0.783050430063351,0.6440485069531936,1
587,1.4453932508947973,3.5402316207591715,0
588,0.6076110018503633,1.9265583009670966,1
589,-2.0461430547999266,1.5580818806186658,0
590,1.5433118913875197,-0.11694955374672356,0
591,1.4390429576720425,0.9647032603970844,1
592,0.7804589716687867,1.2412039642189525,1
593,-0.08403662067193451,2.1277836301278024,0
594,1.3517801106813583,1.8811310970996322,1
595,1.3792355335355868,2.0329891945199456,1
596,0.5299671172991252,0.07608798418999796,1
597,0.7832685294244613,2.412151698298631,0
598,0.06984349747567875,-0.3804307523072692,0
599,0.8214109079126708,0.4640854383338382,1
600,-0.550429345083481,1.4307711349456413,0
601,1.4173188210318355,0.8501084082668606,1
602,0.05563150917570614,-0.006036857920391547,0
603,1.2381031478323121,0.1784501743968674,1
604,-0.40596291626789927,-0.5482543228490424,0
605,0.4099423541304603,1.5319746390071913,1
606,0.8895105949340721,2.2605688450421493,0
607,-0.6606998118692633,0.899606496598634,0
608,1.1151478731400921,0.5996511849865767,1
609,0.6208524371200772,-0.4723229284664896,0
610,-0.7423561978092306,1.9132019242521776,0
611,-0.3032427541123157,3.211304333239493,0
612,1.6051200840821667,-0.7974558043668976,0
613,1.895555985551324,-0.06343293815460682,0
614,0.868091360220033,0.3204069574558559,1
615,1.4047618120404974,0.43568209031751104,1
616,1.2238435633129108,1.227345950143481,1
617,1.329622982127738,2.6142495472802274,0
618,2.285984007080293,2.0085972868601036,0
619,-0.5069983982142721,1.527597382774316,0
620,1.6764607323616232,0.2760712959413979,1
621,0.6179910444221798,-0.11962823368045439,1
622,0.7757410657483597,0.2032246936936991,1
623,0.69775026954493,2.548066801378739,0
624,0.6248528833387161,0.9382566985420989,1
625,-0.22619619178301908,0.5531637463373789,0
626,1.1833391992576012,0.8162442697500077,1
627,2.6709430327888573,1.8246182196384677,0
628,0.9438669795512429,-0.31284967454979173,0
629,0.9986149572649042,2.4148741359224224,0
630,0.3127009628433365,1.156476256946299,1
631,0.8825254535818885,0.7836560217042738,1
632,1.4661664260340308,1.442846113746739,1
633,0.629757559295657,1.218397073129937,1
634,0.546195958947999,0.6558035435326188,1
635,1.4032645401632469,0.7472893279583933,1
636,0.08199523018095456,0.1311374531340478,0
637,1.2524966270768725,1.6563907508593023,1
638,1.8203217972614216,0.4680061905888382,1
639,2.3599485416794845,0.04374157756771724,0
640,0.9096179927230532,1.1658635226535372,1
641,2.3675972398067135,2.329141282745553,0
642,2.034409886481518,0.9516553762201804,1
643,0.0037873596289338396,0.39189874304831007,1
644,-0.21793851159315092,1.4038960208359739,0
645,0.6950363621455795,2.936712462402552,0
646,2.0289354925948544,-0.45190552943174733,0
647,0.927712992439995,1.3822027877852936,1
648,0.3993424423422115,1.2050866252318537,1
649,2.5522431800485608,2.1615338035591174,0
650,1.2869044880033464,1.9909091736848452,1
651,-1.3205942757907416,0.8132908881902208,0
652,1.3171606262926887,-0.6845172554248828,0
653,1.5200406145708678,1.8065637678962596,1
654,1.2256086544711038,0.16480730980851688,1
655,1.4497121002319926,0.05325958904281047,1
656,0.9327243910770182,2.148350580691126,1
657,-0.3183958696447342,0.08914962236134749,0
658,0.6292959967795466,2.4028447401002433,0
659,0.05438420444370862,1.335844721405313,1
660,0.06725908920562218,1.3191184000862823,1
661,-0.2630683491022754,1.307264780505591,0
662,1.4524890926396463,-0.6384236257417921,0
663,1.097896145412627,-0.7763886163465759,0
664,0.5518346373192919,1.2155530537886847,1
665,0.3506620722696119,1.56800735922642,1
666,0.9765768949785478,1.082611032156201,1
667,2.079194728112489,0.1784654829804725,0
668,-1.004215715498915,1.0189221038821947,0
669,1.3768765208508928,0.9179658468545159,1
670,0.4542880259822176,0.04284190172458968,1
671,-0.8845858449794477,2.013972154112161,0
672,-0.9457030831639588,-0.7302760615500858,0
673,0.0872165058647082,1.5887424068075064,1
674,1.2195095557930453,1.3843234052112452,1
675,1.3930629339800915,2.009711854811714,1
676,0.06101842732221474,-0.0053118723488587705,0
677,2.0170209914132444,1.101407146668211,1
678,2.422983496516106,3.171164949318166,0
679,1.3960865849565602,1.6620742889997064,1
680,0.4085973321918892,1.1005812087289633,1
681,2.1244191845103684,1.5391612741141967,0
682,1.7553956956633383,1.08617684238012,1
683,1.867407411354918,3.19089801323984,0
684,0.34353632502846854,1.9836361957891795,1
685,-1.8345545052747023,0.9143850457695029,0
686,3.1167910214836754,1.2523314313845213,0
687,-0.6108784034499337,0.6092020039189865,0
688,0.9642319281397789,2.2098501264103048,1
689,3.3807453512197503,-0.40610477139101087,0
690,1.330576756274374,-0.6047385298609871,0
691,1.9492464735582358,2.458714749675994,0
692,-0.5023965693817127,3.1531197925705827,0
693,-0.7776669547337063,1.4683049076895918,0
694,0.4672972080204455,1.1127379412357372,1
695,2.0907497344345,1.6572676903047774,0
696,0.6537505523526901,0.35294647361724074,1
697,0.20536367892850127,1.1712435451522125,1
698,1.1979672899449674,1.038908705856215,1
699,2.0819352184772653,1.6265642507453606,0
700,-0.4449401990733717,-0.5579985281833963,0
701,-0.21054299412335165,0.49296523023466254,0
702,0.2113307454906338,1.8449956030008372,1
703,2.0946383747120914,0.32440617236993696,0
704,1.2348215259487318,0.0066386245768645935,1
705,3.1321534105704436,3.042072149826954,0
706,1.9364457258311158,1.0381180001794004,1
707,0.9649048231303297,0.42108186005679216,1
708,2.265077838088766,-0.6923704374741084,0
709,1.211497012731878,1.7293463462804262,1
710,0.2950786474925551,1.6991361537186938,1
711,1.6799748442451024,0.701240399430064,1
712,0.30367334613891717,-0.10223019090709062,0
713,0.7096028991961332,0.975450576357621,1
714,2.327782695957983,0.16414393251837867,0
715,0.8987185137826006,0.057906411126884105,1
716,0.19685861265837168,0.8967872485382924,1
717,0.5356623085645084,-0.05139039866006456,1
718,2.021790585588673,1.2466489552524462,1
719,0.4474593265832708,1.6079925094063974,1
720,0.6131291531493535,0.1603675528268086,1
721,0.48970726036637147,-0.36824509533839067,0
722,1.18392549434031,2.561279598955807,0
723,0.6145102396243918,0.059729764042795175,1
724,-0.601836048972537,0.34005729489766234,0
725,0.11281905815495974,1.2130171674298873,1
726,0.06721095849356173,1.599369372522297,1
727,2.243319384455155,0.7436831063103573,0
728,1.8126740421090424,1.4607943277012556,1
729,1.587259379399826,0.599013842103599,1
730,0.49464168273559006,0.02882933517560926,1
731,0.1842084580060287,2.4263168607870274,0
732,0.49248239834264296,3.488441614331128,0
733,-0.05188010255167397,2.6959695330141695,0
734,3.497200391587007,1.1418066391534545,0
735,-1.245321648371402,2.8334353618156785,0
736,1.564008535073809,1.3557035157239845,1
737,-0.28455229799252724,0.5227137295967706,0
738,0.8956565085053073,1.4663795743819787,1
739,0.011998057506265591,0.905607493588815,1
740,-0.17762896248263083,0.016881816254292303,0
741,-0.1401963009349616,0.10167802856798402,0
742,2.754986153742059,1.802051738740516,0
743,0.867011577690408,-0.846531981664673,0
744,0.2342978055219137,1.604136740442684,1
745,1.555786964082873,-0.6295836027484383,0
746,1.0103493145662994,-1.121176444902436,0
747,1.7200337593416528,-0.8388466037584985,0
748,-0.8242566559378299,2.96676397193474,0
749,1.3036039044620014,0.8037660350564579,1
750,1.7726948371023816,1.086583180165419,1
751,-0.6615982911145637,2.419255045910951,0
752,1.4481952844233126,1.9341797484997247,1
753,2.6961815728281606,-0.3915052694042196,0
754,0.9851422966452973,1.869006342818761,1
755,1.8214059370248112,1.1841812647035463,1
756,1.67057045031091,0.6583219024041194,1
757,0.2924943024894231,1.0242909141377803,1
758,1.0397667345864952,2.2798120206280217,0
759,-0.5669947108616025,0.11403351795904715,0
760,0.5486969628974738,1.400885679104121,1
761,1.265687974966236,0.9903427634670916,1
762,1.7231004937377983,-0.7971646153956184,0
763,1.0246121252479117,0.1977468282691892,1
764,1.7199837301431655,1.1932135532336965,1
765,-0.10290621295536972,2.297342089092891,0
766,0.8983027254451283,2.00133101734673,1
767,1.0192793845130772,1.597212504403425,1
768,2.8495912466796365,0.18472433886354145,0
769,0.7858333437999158,2.801213990808535,0
770,0.5009833620058171,1.2152404676396116,1
771,1.0213512238435487,-0.006365521678550312,1
772,0.08088655513005627,0.817095019143049,1
773,1.192753849065216,1.8962484253561593,1
774,0.6349447834537423,1.007617498318158,1
775,-0.7913275480411837,1.886864686582761,0
776,0.9414134488661392,2.1036939574621503,1
777,0.6824569060698007,1.4005306845987062,1
778,-0.6324233020679833,0.14229737695310596,0
779,0.9328658453854782,1.1354546631899805,1
780,2.4893559620744803,1.045165855938831,0
781,1.5213037482757137,2.8593463338516285,0
782,1.6119271927311578,-0.6263219378268301,0
783,-0.34149672558304256,0.8651775489056459,0
784,1.4768983689222224,0.4159064532050807,1
785,1.1484495813800781,1.335105620195999,1
786,1.5290452383344317,-1.437564359199356,0
787,1.4226286217088258,2.11492455949028,1
788,-0.3597807255038137,1.0137484873355336,0
789,0.9585991884420326,-0.8447011636280461,0
790,0.24212913957483395,0.6388868652601338,1
791,0.9499159057151779,1.6089623416545242,1
792,0.10259907309816951,-0.5914478754580315,0
793,2.312470367140996,1.0032222164431557,0
794,0.14102761155565768,-0.05747364780153008,0
795,0.10105784353446401,0.4440149681210327,1
796,1.0745864065435535,1.026738382674637,1
797,-0.0770990694039948,1.1834502535815763,1
798,0.5753366975671343,0.5292575018172727,1
799,0.17003540246203808,1.272796389530264,1
800,2.4111720638896115,1.8179776072548057,0
801,1.7858038268311724,0.7210857248967601,1
802,0.9425304815346054,2.431567757449291,0
803,0.6087829478259837,2.4622141707804195,0
804,1.9409176145751132,0.5712979344141711,1
805,1.405204080322888,0.3621594435264157,1
806,1.4980524046828567,-0.6641729851661735,0
807,0.9738077626557495,0.8734306683606101,1
808,-0.6882300277714322,0.6365622198839487,0
809,0.8875340174404472,1.7790512201329916,1
810,0.46751008079093226,-0.5096616060682988,0
811,1.645055273459877,0.7226086082568901,1
812,2.011842432994189,1.9687443931111455,0
813,0.3420489552388314,0.2696429044420401,1
814,1.4683852342770516,0.2376384632723907,1
815,2.735878997685713,-0.4469403347558085,0
816,0.33228727942944103,3.6205738460182393,0
817,2.681921740073138,0.2525268219346206,0
818,0.147414152829353,-0.30034683221833913,0
819,1.0229597556079515,0.19614959596848003,1
820,0.9888543881581587,0.2257049195131955,1
821,1.0114988998700625,0.7306102215487598,1
822,0.16232195809205474,1.8253722320875148,1
823,0.40881689623557027,0.7016768310041663,1
824,0.3322797136406006,0.0771766850031721,1
825,1.3269625954044573,-0.4513384981910251,0
826,1.3300351145103115,1.0218573582198713,1
827,3.225944331738259,1.0425390740297906,0
828,2.370989006291121,2.5309323510288246,0
829,0.4901567578615209,1.0924477354698086,1
830,1.3248696157961861,0.9009916887159226,1
831,1.9971179807917596,-0.050653836587489565,0
832,1.0306018243385178,0.6940474249016081,1
833,0.9303584215530645,0.561525541965394,1
834,1.051574942769889,0.6298358354862974,1
835,1.867276628808428,0.040744607359411766,0
836,0.1516794771947675,1.5383296032761768,1
837,0.6743305311798258,0.8575545824906307,1
838,1.4704331448464818,0.7996465199950126,1
839,1.3114470715541555,-0.7140461160489964,0
840,1.2395827598563913,1.493644087524864,1
841,0.6301988336961968,1.4870153259803796,1
842,1.9725357891425368,0.1608705971577863,0
843,3.1338682472045374,1.9901213838791936,0
844,1.406415493676206,-0.36475823008243236,0
845,0.8068232984501601,0.9781300912109201,1
846,1.7557402888945426,0.7287926601098361,1
847,0.46086736324701005,-0.3171747888057943,0
848,0.25030965529710336,1.1897026120799958,1
849,1.0328087476137118,2.7025701522417913,0
850,-1.5827966329699446,1.0676342300669197,0
851,-0.15395036365200943,0.5369782458909491,0
852,0.6520381440791542,1.4470241568856783,1
853,-0.35338885814771337,1.105719995467155,0
854,-0.0326431018921296,1.0277621316255015,1
855,0.5632516625419925,0.5744577872285519,1
856,-0.6429652935306092,2.4219755592924646,0
857,0.5939282037401681,1.4563633634807853,1
858,0.4647298354671555,0.4713293410645114,1
859,1.025405208385016,0.8919961632190421,1
860,2.154184030494019,0.25913329579592737,0
861,1.172504416492866,0.39170884991850496,1
862,1.0210620213420636,0.359274275809801,1
863,1.0994544570307117,-0.13431159372222745,1
864,1.2273927751211284,1.7772769637679553,1
865,-0.016738648609768925,0.7089585367269742,1
866,0.8852246752292018,1.5541275783267698,1
867,1.3087512418366132,0.32987410227270353,1
868,-0.37075998254306053,0.9396375056076613,0
869,1.8656529228158534,0.2889594032088888,1
870,2.0813760344581897,1.7196681705373318,0
871,0.3686240115506112,0.7515806932949618,1
872,0.7586622085468955,0.26912641404861415,1
873,0.12180965718992687,-0.6417032288097841,0
874,1.699380483587817,1.2756665493407744,1
875,-0.061222287445909185,0.2916149476618929,0
876,0.7775229897570797,0.9842207828790048,1
877,0.14108009219232842,0.5082698919864723,1
878,1.0509542770112894,1.954189580898765,1
879,-0.794229271489721,1.544144752358008,0
880,2.326461642365693,1.4472120874548315,0
881,0.03539357579373603,0.38387887667652076,1
882,1.059894683116276,1.4662900435501895,1
883,0.7874769552296907,2.714831608676043,0
884,0.23788548807750187,0.16781396584993802,1
885,0.11221986336406464,1.1723391392291889,1
886,1.9363985435524596,-0.6492169744171321,0
887,0.47435940689806033,2.3985620921255357,0
888,1.271170184637311,0.6020879014091586,1
889,0.1985031146056252,1.7825788808419776,1
890,0.35281856815223933,-0.723228250716323,0
891,1.4722471500878487,2.7975393871259047,0
892,1.9304084961111163,0.6431284719744015,1
893,0.82468359767298,1.5456573234700275,1
894,-0.42191987164043687,1.1508182063325938,0
895,2.9979560797500047,0.7445292138122306,0
896,0.1434506917657905,2.6857923026593036,0
897,-0.5415873996717875,-0.6480462063661798,0
898,3.594424587768152,1.2987136599920088,0
899,0.5959677061490629,1.9106456722299703,1
900,-0.4617326882614081,0.9701438783636337,0
901,0.3165602332113182,0.8818292156334082,1
902,1.367544896022269,0.8573122879265349,1
903,1.1903115575939398,-0.227636420410408,0
904,0.14827080274641002,1.0381273840949345,1
905,2.8227236001279596,1.5127175234723986,0
906,0.4784203220066269,1.0685992274806606,1
907,-0.184686590411552,0.7277238988549194,1
908,1.9606933984606596,0.5102749776269733,1
909,2.3290628465396823,0.7207033307216278,0
910,0.18250690238377354,2.2577442174960383,0
911,-0.4013472930393105,-1.0866349794205425,0
912,2.0304382674156045,1.0400714565477756,1
913,-1.0473236130579617,0.6722450827035833,0
914,-0.2266216593966155,2.455807951836843,0
915,1.9674461500502352,1.0554922254438028,1
916,0.9446474519776105,2.484925598699954,0
917,0.7360626514073121,-1.123890018045559,0
918,1.3528166064943783,1.4595849048340561,1
919,0.8472255764545913,1.2800578600376802,1
920,-0.2986867221630902,2.390533967073938,0
921,2.2760753460061878,-0.6413486088230291,0
922,2.3250140528868153,0.8449641918816742,0
923,1.2053325637779597,1.0660602617864925,1
924,1.0451340154320103,0.5042045054547907,1
925,3.339624806020058,2.2165777137429403,0
926,0.7235671549841628,0.6613178145546024,1
927,0.7404230181659606,3.0347625440211536,0
928,1.3644812492405056,2.0541779089389225,1
929,2.4713219561423383,1.9508336970037996,0
930,2.592770754417484,1.5592989813908842,0
931,0.7414273683232288,-0.06369559102554789,1
932,1.3083312459593452,0.568903662489243,1
933,-0.37808346706407714,1.572751366857216,0
934,0.6880238920837871,1.6775570335877172,1
935,0.1597096045206935,2.3071838450812576,0
936,-0.006831752298983806,0.5325589903740937,1
937,2.681576716267328,0.1398466150753368,0
938,0.20771333819385507,1.8591041927855305,1
939,0.4683940919885451,0.19037342395988732,1
940,1.3658487879168582,1.8733118360704122,1
941,2.2978252669735855,2.199736176415038,0
942,1.4811151263888354,1.4561530358270554,1
943,3.759355114021582,0.6424209680314021,0
944,0.9253320217488504,1.0410822261438795,1
945,1.2587164402297462,1.593465919603239,1
946,1.2756006739840564,1.0101855187120734,1
947,2.4350493867891547,3.1982963386704926,0
948,1.5072389511096151,0.009329069372850829,1
949,0.8837702996128509,-0.00266858736979092,1
950,0.05251140509312047,0.023104613264674834,0
951,1.2444434559616326,0.41042007745478437,1
952,2.4013448312919596,-1.1789315201949093,0
953,0.5896182063421294,0.37034957305981875,1
954,1.5289436184165823,0.346715298072111,1
955,1.2461477886848442,1.0785140251741763,1
956,1.8635196583813145,1.4178005832060814,1
957,0.1952462593621307,-0.2402163364077703,0
958,3.3466470305265617,1.9000542427640723,0
959,-0.27916110702825825,2.802242229790547,0
960,0.6344489100139628,0.7917148969050036,1
961,1.9380925409056455,2.574371237475572,0
962,1.2967331724941134,1.1989894944051878,1
963,1.8299861590811033,2.9887319185953913,0
964,0.5038976660174377,2.1172834656881903,1
965,0.9251950173196589,-0.5639046348397663,0
966,1.0122319836388174,1.0186273706613556,1
967,2.5692596145359046,2.0543249749040777,0
968,1.6904290243830489,1.030546581040617,1
969,1.7966721083646715,0.9631164691549331,1
970,0.34207390746320476,2.269764750314304,0
971,1.9688826385630507,0.29014581785389604,1
972,1.2255816635688035,1.0175156132782184,1
973,2.3891453156779274,1.3236257646091187,0
974,3.014060154918468,0.6662090396464359,0
975,0.6932342239729954,0.9798708961224625,1
976,0.5936968695549374,1.7750232632241703,1
977,0.13595500889763046,1.4328376214999938,1
978,0.8564204882836794,0.19128246802046633,1
979,0.6179745510496164,-0.10412398579926174,1
980,1.35950439957101,0.21089781974334976,1
981,0.855433183066264,1.0012484557884866,1
982,0.6384007192183803,0.8400602122429572,1
983,2.0645851361278518,0.16804250678287525,0
984,0.06211976884854831,0.4018495474835142,1
985,1.4331079531513438,-0.5200392851920637,0
986,0.5940582728115166,1.417853703217326,1
987,1.7243685048699644,0.9599812746483671,1
988,2.3852615467222305,-0.2597873434052702,0
989,0.6969017465759273,1.0286205041877827,1
990,1.4410329072731514,2.342622010510353,0
991,1.1787928657331799,0.26006414703474034,1
992,0.20057760045690343,2.3151376657209726,0
993,1.2407875097419385,0.6765425275165762,1
994,1.2891205052788122,1.197828167849868,1
995,1.4128708204461746,1.0977508024221854,1
996,0.8016011031799543,2.4015234160052454,0
997,1.0941923003101466,1.1584338467855317,1
998,-0.1476109448431353,-0.14190141920384658,0
999,0.6418859245201433,-0.31097037044121234,0
